,City,Latitude,Temperature,Humidity,Cloudiness,Wind Speed,Date
0,Stokmarknes,68.56,275.68,51,0,8.7,2020-10-30 22:21:47
1,Kulhudhuffushi,6.62,300.82,73,10,3.46,2020-10-30 22:21:48
2,Ribeira Grande,38.52,294.15,94,75,7.7,2020-10-30 22:20:21
3,Ushuaia,-54.8,283.15,71,75,10.3,2020-10-30 22:19:34
4,Hilo,19.73,299.91,66,40,4.1,2020-10-30 22:19:58
5,Mitú,1.2,299.77,92,98,0.79,2020-10-30 22:21:48
6,Saint Paul Harbor,57.79,274.15,69,90,2.1,2020-10-30 22:20:07
7,Henties Bay,-22.12,286.48,85,86,2.48,2020-10-30 22:21:49
8,Muros,42.78,289.26,84,33,3.13,2020-10-30 22:21:49
9,New Norfolk,-42.78,286.56,69,0,0.45,2020-10-30 22:19:55
10,Tuktoyaktuk,69.45,260.15,84,75,4.1,2020-10-30 22:20:01
11,Nyzhni Sirohozy,46.85,283.58,79,83,2.55,2020-10-30 22:21:49
12,Narsaq,60.92,269.15,73,40,1.5,2020-10-30 22:21:49
13,Barrow,71.29,263.15,85,90,5.7,2020-10-30 22:19:55
14,Punta Arenas,-53.15,284.98,62,75,13.9,2020-10-30 22:20:12
15,Laredo,27.51,296.15,28,1,2.6,2020-10-30 22:19:29
16,Ifanadiana,-21.3,287.48,93,41,0.71,2020-10-30 22:21:50
17,Rikitea,-23.12,297.66,67,0,3.36,2020-10-30 22:20:00
18,Katsuura,35.13,285.42,58,20,6.2,2020-10-30 22:21:50
19,Jamestown,42.1,274.73,92,90,1.5,2020-10-30 22:20:04
20,George Town,5.41,299.41,94,20,1.5,2020-10-30 22:20:20
21,Busselton,-33.65,288.18,68,15,1.19,2020-10-30 22:20:15
22,Saint-Philippe,-21.36,290.23,77,40,2.6,2020-10-30 22:20:04
23,Nanortalik,60.14,271.4,92,99,2.71,2020-10-30 22:21:50
24,Taicheng,38.73,278.73,70,54,2.4,2020-10-30 22:21:51
25,Sorong,-0.88,300.21,82,49,5.4,2020-10-30 22:20:41
26,Athmallik,20.72,292.87,62,68,1.57,2020-10-30 22:21:51
27,Yellowknife,62.46,265.47,85,75,3.1,2020-10-30 22:19:03
28,Atuona,-9.8,298.6,72,87,4.89,2020-10-30 22:15:10
29,Thompson,55.74,266.15,67,90,1.5,2020-10-30 22:20:09
30,Buala,-8.14,301.6,71,62,0.39,2020-10-30 22:21:51
31,Los Llanos de Aridane,28.66,291.17,73,0,2.1,2020-10-30 22:21:51
32,Provideniya,64.38,268.98,91,98,3.38,2020-10-30 22:20:09
33,Nicolet,46.22,272.9,90,51,2.1,2020-10-30 22:21:52
34,Saldanha,-33.01,286.15,66,0,5.1,2020-10-30 22:19:55
35,Paciran,-6.88,299.81,77,96,2.45,2020-10-30 22:21:52
36,Rura,26.48,293.08,26,29,2.15,2020-10-30 22:21:52
37,Ayacucho,-13.16,290.17,53,100,3.15,2020-10-30 22:19:15
38,Kununurra,-15.77,301.15,78,47,1.91,2020-10-30 22:17:36
39,Wani,20.07,293.42,60,0,2.21,2020-10-30 22:21:52
40,Juba,4.85,296.17,80,83,1.38,2020-10-30 22:21:53
41,Qaanaaq,77.48,262.01,83,92,2.5,2020-10-30 22:19:58
42,Grindavik,63.84,277.15,93,90,4.6,2020-10-30 22:21:53
43,Nikolskoye,59.7,280.81,93,90,2.0,2020-10-30 22:19:57
44,Arbazh,57.68,275.38,93,95,2.56,2020-10-30 22:21:53
45,Chumikan,54.72,273.59,93,93,2.3,2020-10-30 22:21:53
46,Sinnamary,5.38,300.75,82,34,5.77,2020-10-30 22:21:53
47,Butaritari,3.07,301.14,78,63,9.01,2020-10-30 22:20:02
48,Najrān,17.49,290.15,33,0,0.58,2020-10-30 22:21:54
49,Taoudenni,22.68,298.99,17,100,4.55,2020-10-30 22:20:45
50,Wick,58.43,280.15,81,2,3.1,2020-10-30 22:21:54
51,Chapais,49.78,263.15,85,1,1.75,2020-10-30 22:17:40
52,Darnah,32.77,293.6,67,17,5.66,2020-10-30 22:21:54
53,Port Alfred,-33.59,287.93,65,79,1.44,2020-10-30 22:20:08
54,Hermanus,-34.42,280.93,90,1,5.22,2020-10-30 22:20:01
55,Carnarvon,-24.87,295.15,78,90,3.6,2020-10-30 22:20:12
56,San Quintín,30.48,296.26,46,100,4.72,2020-10-30 22:21:55
57,Saint-François,46.42,280.39,100,90,1.0,2020-10-30 22:21:55
58,Bredasdorp,-34.53,281.15,81,5,0.5,2020-10-30 22:19:58
59,Albany,42.6,274.06,86,78,1.54,2020-10-30 22:15:55
60,Fortuna,40.6,290.14,62,1,5.1,2020-10-30 22:19:57
61,Altay,47.87,267.41,86,31,0.93,2020-10-30 22:21:55
62,Mar del Plata,-38.0,287.17,67,0,4.1,2020-10-30 22:19:13
63,Vaini,-21.2,296.15,83,40,9.22,2020-10-30 22:19:53
64,Sola,-13.88,299.15,94,90,6.27,2020-10-30 22:20:47
65,Kloulklubed,7.04,299.15,83,75,5.1,2020-10-30 22:21:56
66,Ploemeur,47.73,287.23,93,90,5.1,2020-10-30 22:21:56
67,Turukhansk,65.82,258.1,92,100,3.77,2020-10-30 22:20:32
68,Mataura,-46.19,285.93,98,100,4.47,2020-10-30 22:19:55
69,Kapaa,22.08,301.34,58,1,4.1,2020-10-30 22:19:02
70,Faanui,-16.48,299.38,82,0,5.76,2020-10-30 22:19:57
71,Bilma,18.69,296.85,19,0,3.47,2020-10-30 22:21:56
72,Riyadh,24.69,291.15,48,0,1.88,2020-10-30 22:21:51
73,Esperance,-33.87,287.15,62,0,7.7,2020-10-30 22:20:27
74,Skeldon,5.88,299.87,88,62,4.17,2020-10-30 22:21:57
75,Zhiryatino,53.22,280.28,88,100,0.62,2020-10-30 22:21:57
76,Geraldton,-28.77,293.15,88,90,3.1,2020-10-30 22:19:58
77,Zhangaözen,43.3,282.14,44,0,7.7,2020-10-30 22:16:26
78,Lebu,-37.62,286.41,76,0,5.49,2020-10-30 22:20:17
79,Hobart,-42.88,287.47,81,20,2.6,2020-10-30 22:19:49
80,Leningradskiy,69.38,265.67,94,49,9.11,2020-10-30 22:20:18
81,Faya,18.39,288.14,62,0,1.5,2020-10-30 22:16:35
82,Severo-Kuril'sk,50.68,278.64,90,100,15.12,2020-10-30 22:20:41
83,Ban Chang,12.73,298.15,94,20,2.1,2020-10-30 22:21:58
84,Bonavista,48.65,272.41,74,99,2.1,2020-10-30 22:20:32
85,Vestmannaeyjar,63.44,281.08,75,58,10.64,2020-10-30 22:21:58
86,Mayya,61.73,243.15,74,0,1.0,2020-10-30 22:21:58
87,Port Lincoln,-34.73,287.29,79,44,4.66,2020-10-30 22:20:34
88,Wanning,18.8,297.28,88,62,6.13,2020-10-30 22:21:59
89,Laas,46.62,275.86,100,0,1.0,2020-10-30 22:21:59
90,Isla Aguada,18.78,298.15,83,90,12.3,2020-10-30 22:21:59
91,Fukuechō,32.69,290.05,69,3,9.62,2020-10-30 22:21:59
92,Taltal,-25.4,290.97,56,22,3.07,2020-10-30 22:21:59
93,Leer,8.3,296.47,88,100,1.83,2020-10-30 22:22:00
94,Mareeba,-17.0,299.27,80,25,0.89,2020-10-30 22:22:00
95,Harper,4.38,298.57,90,100,3.68,2020-10-30 22:22:00
96,Cape Town,-33.93,287.04,58,0,9.8,2020-10-30 22:21:07
97,Uyuni,-20.46,287.34,23,2,6.43,2020-10-30 22:22:00
98,Ternate,0.8,301.13,75,50,2.21,2020-10-30 22:22:01
99,The Pas,53.83,269.15,85,90,6.7,2020-10-30 22:22:01
100,Moose Jaw,50.4,284.64,53,88,8.7,2020-10-30 22:22:01
101,Longyearbyen,78.22,265.15,72,0,1.5,2020-10-30 22:22:01
102,Pevek,69.7,267.12,95,91,2.74,2020-10-30 22:20:12
103,Bluff,-46.6,285.93,98,100,4.47,2020-10-30 22:19:57
104,East London,-33.02,289.81,69,100,1.26,2020-10-30 22:20:10
105,Norman Wells,65.28,263.15,92,90,2.1,2020-10-30 22:20:37
106,Sapa,5.15,300.03,81,90,3.78,2020-10-30 22:22:02
107,Luba,3.46,298.15,100,40,2.6,2020-10-30 22:22:02
108,Vanimo,-2.67,299.32,77,100,3.1,2020-10-30 22:22:02
109,Poum,-20.23,299.01,78,20,8.64,2020-10-30 22:20:39
110,Hofn,64.25,278.75,86,76,3.08,2020-10-30 22:20:00
111,Alice Springs,-23.7,288.15,28,2,7.09,2020-10-30 22:21:56
112,Beloha,-25.17,292.99,56,0,5.7,2020-10-30 22:22:02
113,Kaifeng,34.79,286.15,93,90,2.0,2020-10-30 22:22:03
114,Makkah al Mukarramah,21.43,297.8,64,0,1.2,2020-10-30 22:21:40
115,Acajutla,13.59,304.15,52,20,1.0,2020-10-30 22:19:31
116,Sabang,5.89,300.92,77,61,7.25,2020-10-30 22:22:03
117,Dikson,73.51,262.93,95,100,12.86,2020-10-30 22:20:23
118,Port Elizabeth,-33.92,283.15,81,0,1.5,2020-10-30 22:20:00
119,Hakkâri Province,37.58,282.24,49,99,0.21,2020-10-30 22:22:03
120,Holme,56.11,284.35,100,97,1.5,2020-10-30 22:22:03
121,Coquimbo,-29.95,287.15,76,20,5.7,2020-10-30 22:21:31
122,Det Udom,14.91,297.15,94,0,2.1,2020-10-30 22:22:04
123,Ponta do Sol,32.67,292.95,73,20,7.2,2020-10-30 22:20:10
124,Ilulissat,69.22,265.15,72,100,1.5,2020-10-30 22:20:39
125,Castro,-24.79,285.57,93,100,4.9,2020-10-30 22:19:04
126,Pekan,3.48,298.15,94,20,1.0,2020-10-30 22:22:04
127,Bethel,41.37,274.81,80,90,3.1,2020-10-30 22:22:04
128,Chokurdakh,70.63,260.15,95,100,3.27,2020-10-30 22:20:08
129,Touros,-5.2,299.15,78,40,3.6,2020-10-30 22:20:17
130,Avarua,-21.21,297.15,78,99,7.2,2020-10-30 22:19:57
131,Bud,39.45,281.0,49,1,3.1,2020-10-30 22:22:05
132,Hualmay,-11.1,291.57,78,99,2.97,2020-10-30 22:22:05
133,Soto la Marina,23.77,298.15,39,0,3.13,2020-10-30 22:22:05
134,Dhārchula,29.85,285.8,33,0,2.67,2020-10-30 22:17:08
135,Mo i Rana,66.31,276.15,59,0,5.7,2020-10-30 22:22:05
136,Kavaratti,10.57,300.99,74,73,4.72,2020-10-30 22:22:05
137,Scarborough,54.28,280.12,93,100,1.0,2020-10-30 22:22:05
138,Guerrero Negro,27.98,299.88,27,26,5.44,2020-10-30 22:20:13
139,Srednekolymsk,67.45,255.71,91,23,0.75,2020-10-30 22:22:06
140,Upernavik,72.79,266.98,95,93,0.91,2020-10-30 22:20:07
141,Khorramshahr,30.44,290.15,51,0,2.98,2020-10-30 22:22:06
142,Cururupu,-1.83,297.44,84,21,1.52,2020-10-30 22:17:59
143,Ziro,27.63,282.92,61,28,1.44,2020-10-30 22:22:06
144,Ballina,-28.87,296.78,83,88,5.7,2020-10-30 22:22:07
145,Iqaluit,63.75,259.98,71,75,1.16,2020-10-30 22:20:44
146,Panalingaan,8.78,299.8,84,87,3.33,2020-10-30 22:22:07
147,Kaitangata,-46.28,288.76,78,100,1.68,2020-10-30 22:20:14
148,Cherskiy,68.75,258.17,91,100,2.49,2020-10-30 22:20:17
149,Kropotkin,45.44,290.37,70,87,0.92,2020-10-30 22:22:07
150,Santa Maria da Vitória,-13.39,296.95,77,65,1.05,2020-10-30 22:22:07
151,Dunedin,-45.87,290.65,59,100,2.23,2020-10-30 22:18:57
152,Sangar,63.92,248.12,87,13,1.0,2020-10-30 22:19:59
153,Cabo San Lucas,22.89,300.81,57,40,4.1,2020-10-30 22:20:02
154,Bairiki Village,1.33,303.15,70,20,6.7,2020-10-30 22:22:08
155,Tura,25.52,294.76,87,82,1.94,2020-10-30 22:20:25
156,Tubualá,9.52,297.29,74,40,3.6,2020-10-30 22:22:08
157,Tessalit,20.2,298.87,17,35,5.39,2020-10-30 22:20:18
158,Clyde River,70.47,263.15,92,75,6.2,2020-10-30 22:19:58
159,Puerto Ayora,-0.74,296.74,69,20,7.7,2020-10-30 22:19:57
160,Hong Kong,22.29,294.15,82,88,6.73,2020-10-30 22:19:51
161,Bathsheba,13.22,301.15,78,40,9.8,2020-10-30 22:22:09
162,Nome,64.5,268.05,85,40,2.1,2020-10-30 22:17:25
163,Lexington,37.99,281.71,61,1,2.6,2020-10-30 22:17:25
164,Khuzhir,53.19,272.02,85,100,4.28,2020-10-30 22:22:09
165,Hamilton,39.18,281.35,56,90,2.1,2020-10-30 22:18:56
166,Margate,51.38,287.59,89,88,1.79,2020-10-30 22:22:09
167,Along,28.17,290.56,49,28,0.65,2020-10-30 22:22:09
168,Talnakh,69.49,262.15,78,40,11.0,2020-10-30 22:22:09
169,Antofagasta,-23.65,290.15,67,20,7.2,2020-10-30 22:17:55
170,Hithadhoo,-0.6,301.48,76,85,4.68,2020-10-30 22:20:11
171,Ōdachō-ōda,35.18,281.15,87,75,2.6,2020-10-30 22:22:10
172,Qaqortoq,60.72,269.15,73,40,1.5,2020-10-30 22:22:10
173,Codrington,-38.27,285.92,84,34,5.73,2020-10-30 22:20:38
174,Ebebiyin,2.15,293.92,98,98,0.6,2020-10-30 22:22:10
175,Khovd,48.01,270.56,80,6,1.65,2020-10-30 22:20:54
176,Launceston,-41.45,286.61,87,90,3.1,2020-10-30 22:22:10
177,Nuevo Progreso,23.17,297.36,38,0,3.58,2020-10-30 22:22:11
178,Kieta,-6.22,301.04,75,91,2.11,2020-10-30 22:22:11
179,Ancud,-41.87,290.15,55,0,3.6,2020-10-30 22:20:35
180,Parangan,5.08,300.8,79,94,4.26,2020-10-30 22:22:11
181,Athabasca,54.72,271.15,86,100,2.6,2020-10-30 22:22:11
182,Bengkulu,-3.8,297.04,87,65,1.59,2020-10-30 22:20:18
183,Salto,-31.38,292.53,49,0,5.1,2020-10-30 22:21:03
184,Fort-Shevchenko,44.51,286.21,41,0,8.23,2020-10-30 22:22:12
185,North Bend,43.41,287.6,93,90,3.6,2020-10-30 22:22:12
186,Shunyi,40.12,283.74,87,0,1.0,2020-10-30 22:22:12
187,Korāput,18.82,290.0,62,60,0.81,2020-10-30 22:22:12
188,Panabá,21.28,298.05,89,80,6.44,2020-10-30 22:22:12
189,Sault Ste. Marie,46.52,273.29,55,90,4.6,2020-10-30 22:22:12
190,Shostka,51.86,280.71,82,100,0.63,2020-10-30 22:22:13
191,Labuan,5.28,297.15,94,20,1.0,2020-10-30 22:20:27
192,Yining,29.04,289.29,88,99,1.21,2020-10-30 22:22:13
193,Santa Cruz Cabrália,-16.28,298.15,78,0,4.1,2020-10-30 22:22:13
194,Burns Lake,54.23,277.15,64,6,3.1,2020-10-30 22:20:21
195,Northam,51.03,287.03,97,100,6.26,2020-10-30 22:20:17
196,Berlevåg,70.86,272.7,80,75,3.6,2020-10-30 22:19:53
197,Arlit,18.74,299.78,16,0,6.69,2020-10-30 22:22:14
198,La Gomera,14.08,305.15,62,40,3.1,2020-10-30 22:22:14
199,Lorengau,-2.02,301.89,70,95,1.42,2020-10-30 22:20:28
200,Sukumo,32.93,283.13,77,0,1.64,2020-10-30 22:22:15
201,Caravelas,-17.71,297.83,81,98,3.58,2020-10-30 22:18:12
202,Cairns,-16.92,300.82,69,75,1.0,2020-10-30 22:22:15
203,Brae,60.4,283.15,71,39,9.8,2020-10-30 22:22:15
204,Mandalgovi,45.76,268.86,79,0,5.16,2020-10-30 22:22:16
205,Comodoro Rivadavia,-45.87,294.15,32,0,5.1,2020-10-30 22:20:39
206,Presidencia Roque Sáenz Peña,-26.79,293.72,51,36,3.55,2020-10-30 22:22:16
207,Maraã,-1.83,301.19,79,93,1.44,2020-10-30 22:22:16
208,Houma,29.6,290.35,59,1,4.1,2020-10-30 22:22:16
209,Hervey Bay,-25.3,300.49,65,40,8.2,2020-10-30 22:19:23
210,Marsh Harbour,26.54,300.62,77,3,4.4,2020-10-30 22:22:17
211,Walvis Bay,-22.96,286.3,71,57,2.1,2020-10-30 22:20:14
212,Imeni Zhelyabova,58.95,278.83,89,97,1.5,2020-10-30 22:20:35
213,Garden City,42.33,276.23,59,90,3.1,2020-10-30 22:22:18
214,Chabahar,25.29,291.15,55,0,2.19,2020-10-30 22:22:18
215,Flin Flon,54.77,267.15,85,90,4.1,2020-10-30 22:22:18
216,Dukat,62.55,260.34,90,68,1.94,2020-10-30 22:22:18
217,Khatanga,71.97,250.11,84,0,2.84,2020-10-30 22:20:04
218,Porto-Novo,6.5,301.15,83,20,4.1,2020-10-30 22:20:58
219,Ambon City,-3.7,298.15,16,11,4.2,2020-10-30 22:19:51
220,Lavrentiya,65.58,267.83,86,100,3.58,2020-10-30 22:22:19
221,Aksarka,66.56,274.47,99,100,7.32,2020-10-30 22:22:19
222,Kendari,-3.94,297.51,91,100,2.13,2020-10-30 22:22:20
223,San Cristobal,7.77,303.15,62,40,5.1,2020-10-30 22:20:15
224,Santa Lucía,27.91,296.63,56,0,4.6,2020-10-30 22:20:29
225,Ouésso,1.61,294.32,96,44,0.17,2020-10-30 22:20:39
226,Rivadavia,-33.19,298.15,18,0,2.1,2020-10-30 22:18:33
227,Bereda,43.27,285.93,100,0,3.13,2020-10-30 22:22:20
228,Clearwater,27.97,294.32,60,0,4.6,2020-10-30 22:20:37
229,Atar,20.52,302.88,16,25,4.05,2020-10-30 22:20:08
230,Itarema,-2.92,299.21,77,40,6.24,2020-10-30 22:22:21
231,Saskylakh,71.92,254.17,83,0,2.51,2020-10-30 22:20:34
232,Nichinan,31.6,284.15,81,20,3.6,2020-10-30 22:22:21
233,Antropovo,58.4,275.45,91,98,1.5,2020-10-30 22:22:21
234,Mahébourg,-20.41,293.15,56,40,7.2,2020-10-30 22:20:24
235,Liverpool,53.41,282.07,93,20,2.6,2020-10-30 22:17:57
236,Bārmer,25.75,296.48,20,0,2.69,2020-10-30 22:22:22
237,Cartagena,10.4,303.15,74,20,3.6,2020-10-30 22:20:47
238,Shimoda,34.67,285.37,52,0,5.79,2020-10-30 22:20:22
239,Westport,41.14,276.35,80,90,3.6,2020-10-30 22:18:05
240,Guia Lopes da Laguna,-21.46,297.27,67,38,2.93,2020-10-30 22:22:22
241,Pangnirtung,66.15,262.15,78,20,1.0,2020-10-30 22:22:22
242,Bam,29.11,287.54,31,0,2.76,2020-10-30 22:22:22
243,Constantine,36.37,283.15,76,0,1.0,2020-10-30 22:22:23
244,Craig,40.52,286.77,35,1,3.1,2020-10-30 22:22:23
245,Nikolaevo,42.63,281.14,70,40,5.1,2020-10-30 22:22:23
246,Padrauna,26.9,295.44,62,0,2.63,2020-10-30 22:22:23
247,Nuuk,64.18,268.43,85,20,4.1,2020-10-30 22:22:23
248,Marsá Maţrūḩ,31.35,295.15,64,75,3.6,2020-10-30 22:20:42
249,Isangel,-19.55,299.15,83,75,2.6,2020-10-30 22:20:05
250,Fort Nelson,58.81,268.15,79,90,4.1,2020-10-30 22:20:23
251,Tuatapere,-46.13,285.93,98,100,4.92,2020-10-30 22:20:34
252,Lanquín,15.57,296.15,64,40,2.1,2020-10-30 22:22:24
253,São Gabriel da Cachoeira,-0.13,301.43,79,68,1.16,2020-10-30 22:22:24
254,Cayenne,4.93,302.15,83,0,2.6,2020-10-30 22:22:00
255,Black River,18.03,302.11,79,20,5.7,2020-10-30 22:22:24
256,Tiksi,71.69,260.27,95,100,2.17,2020-10-30 22:20:15
257,Maceió,-9.67,298.15,88,75,4.1,2020-10-30 22:15:21
258,Åmot,59.57,277.59,94,100,0.64,2020-10-30 22:22:24
259,Roald,62.58,281.17,87,98,7.7,2020-10-30 22:22:24
260,Saint-Pierre,-21.34,290.21,77,40,2.6,2020-10-30 22:22:25
261,Kachug,53.96,267.88,91,100,0.72,2020-10-30 22:22:25
262,Stornoway,58.21,281.06,87,34,6.7,2020-10-30 22:22:25
263,Děčín,50.78,284.6,97,100,1.34,2020-10-30 22:22:25
264,Kota Kinabalu,5.97,297.1,94,20,1.5,2020-10-30 22:22:25
265,Souillac,-20.52,293.15,56,40,7.2,2020-10-30 22:20:14
266,Leshukonskoye,64.9,274.06,92,81,3.86,2020-10-30 22:22:25
267,Thunder Bay,48.4,275.91,40,20,2.1,2020-10-30 22:22:16
268,Ostrovnoy,68.05,274.61,88,95,7.64,2020-10-30 22:21:06
269,Tobol,52.68,274.57,85,45,3.16,2020-10-30 22:22:26
270,Makakilo City,21.35,301.66,58,20,5.7,2020-10-30 22:20:28
271,Uchiza,-8.46,299.16,76,100,1.01,2020-10-30 22:22:26
272,Aykino,62.22,275.42,89,100,4.22,2020-10-30 22:22:26
273,Deputatsky,69.3,256.94,95,100,0.58,2020-10-30 22:20:12
274,Sorsk,54.0,270.8,96,100,3.49,2020-10-30 22:22:27
275,Kupang,-10.17,300.24,75,92,3.04,2020-10-30 22:19:17
276,Krasnyy Chikoy,50.36,267.89,95,76,1.83,2020-10-30 22:22:27
277,Ossora,59.24,273.25,90,28,0.77,2020-10-30 22:22:27
278,Plettenberg Bay,-34.05,285.32,67,0,1.66,2020-10-30 22:22:27
279,Charters Towers,-20.1,298.77,42,0,4.83,2020-10-30 22:22:27
280,Qurayyat,31.33,292.15,24,0,2.1,2020-10-30 22:22:28
281,Lasem,-6.69,299.44,79,99,2.26,2020-10-30 22:22:28
282,Mahon,39.89,290.15,88,0,2.6,2020-10-30 22:22:28
283,Zorritos,-3.68,296.29,72,96,5.07,2020-10-30 22:22:28
284,Coyhaique,-45.58,296.15,31,0,1.5,2020-10-30 22:22:28
285,Nurobod,40.91,279.15,45,0,2.1,2020-10-30 22:22:28
286,América Dourada,-11.46,297.24,63,100,3.15,2020-10-30 22:22:29
287,Sabaudia,41.3,286.32,83,27,0.89,2020-10-30 22:22:29
288,Suslovo,56.22,270.94,99,100,0.57,2020-10-30 22:21:08
289,Biak,-0.91,298.58,79,97,2.59,2020-10-30 22:22:29
290,Willmar,45.12,279.87,81,1,7.2,2020-10-30 22:22:29
291,Pedra,-8.5,297.16,67,100,5.76,2020-10-30 22:22:29
292,Chui,-33.7,285.7,84,69,3.09,2020-10-30 22:20:16
293,Sioux Lookout,50.1,271.15,79,90,3.6,2020-10-30 22:22:30
294,Liku,-0.73,296.94,76,83,1.06,2020-10-30 22:20:29
295,Labuhan,-6.88,299.65,77,93,2.62,2020-10-30 22:22:30
296,Savannah Bight,16.45,303.15,70,40,2.1,2020-10-30 22:22:30
297,Stettler,52.32,278.99,81,100,3.6,2020-10-30 22:22:30
298,Alexander City,32.94,289.8,51,1,4.6,2020-10-30 22:22:30
299,Nabire,-3.37,297.46,84,82,1.53,2020-10-30 22:20:33
300,Santa Barbara,34.73,300.98,26,1,4.1,2020-10-30 22:22:31
301,Bridlington,54.08,281.24,93,100,1.0,2020-10-30 22:22:31
302,Methóni,36.82,288.83,87,0,2.35,2020-10-30 22:22:31
303,Kharp,66.8,274.81,94,100,3.55,2020-10-30 22:22:31
304,Cabedelo,-6.98,299.15,83,20,4.1,2020-10-30 22:20:29
305,Zeya,53.75,269.53,95,100,1.71,2020-10-30 22:22:32
306,Quilmaná,-12.95,292.78,70,86,2.56,2020-10-30 22:22:32
307,College,64.86,261.84,85,90,0.89,2020-10-30 22:15:19
308,Ørnes,66.87,277.34,56,0,4.6,2020-10-30 22:22:32
309,Visnes,59.36,283.15,81,37,5.7,2020-10-30 22:22:32
310,Saint-Augustin,51.23,271.23,84,0,4.75,2020-10-30 22:15:49
311,Mount Gambier,-37.83,285.15,81,90,4.6,2020-10-30 22:22:32
312,Safford,32.83,295.41,22,1,3.98,2020-10-30 22:22:32
313,Kutum,14.2,297.67,25,68,4.77,2020-10-30 22:20:29
314,Abu Samrah,35.3,291.29,63,99,1.16,2020-10-30 22:22:33
315,Tasiilaq,65.61,275.15,80,100,9.8,2020-10-30 22:20:04
316,Tual,-5.67,301.85,69,68,3.6,2020-10-30 22:22:33
317,Tumpat,6.2,298.15,94,20,1.0,2020-10-30 22:22:33
318,Dzhebariki-Khaya,62.22,252.59,90,54,1.39,2020-10-30 22:22:33
319,West Wendover,40.74,287.15,26,1,1.6,2020-10-30 22:22:34
320,Arraial do Cabo,-22.97,297.15,88,75,5.1,2020-10-30 22:20:03
321,Atbasar,51.8,273.29,89,0,1.72,2020-10-30 22:22:34
322,Saint George,37.1,297.84,16,1,1.01,2020-10-30 22:22:34
323,Kourou,5.16,302.15,83,0,2.6,2020-10-30 22:22:34
324,Champerico,14.3,299.62,66,40,2.1,2020-10-30 22:22:34
325,Pisco,-13.7,291.92,72,75,5.7,2020-10-30 22:20:45
326,Mongo,12.18,304.2,28,81,1.43,2020-10-30 22:22:34
327,Viçosa,-20.75,295.37,99,100,0.45,2020-10-30 22:22:35
328,Gumdag,39.21,285.45,34,0,7.88,2020-10-30 22:22:35
329,Douglas,41.3,287.36,38,1,3.1,2020-10-30 22:22:35
330,Bovolone,45.25,283.74,93,33,2.6,2020-10-30 22:22:35
331,Kahului,20.89,301.12,52,40,10.3,2020-10-30 22:19:23
332,Honiara,-9.43,300.15,88,40,1.0,2020-10-30 22:22:35
333,Gizo Government Station,-8.1,301.5,70,96,3.44,2020-10-30 22:22:35
334,Lompoc,34.64,292.75,72,1,6.2,2020-10-30 22:17:19
335,Flinders,-34.58,291.16,93,100,2.68,2020-10-30 22:16:11
336,Yulara,-25.24,287.15,35,0,2.6,2020-10-30 22:19:54
337,Harbour Breton,47.48,277.04,100,97,7.71,2020-10-30 22:20:20
338,Tsimmerbude,54.67,281.62,100,75,2.0,2020-10-30 22:22:36
339,Fairview,40.81,277.94,86,40,3.03,2020-10-30 22:22:36
340,Manacapuru,-3.3,303.15,66,20,2.1,2020-10-30 22:22:36
341,Mirante do Paranapanema,-22.29,295.15,64,40,9.3,2020-10-30 22:22:36
342,Amursk,50.23,274.05,92,91,5.07,2020-10-30 22:22:36
343,Sur,22.57,294.77,64,0,1.86,2020-10-30 22:22:36
344,Mae Hong Son,19.3,294.46,88,74,0.77,2020-10-30 22:22:37
345,Assiniboia,49.63,284.15,50,88,6.7,2020-10-30 22:22:37
346,Saint Anthony,45.02,279.76,42,1,4.1,2020-10-30 22:20:33
347,Pacific Grove,36.62,290.39,72,1,2.6,2020-10-30 22:18:00
348,Banjar,-8.19,298.54,79,57,1.05,2020-10-30 22:22:37
349,Peace River,56.25,271.15,92,90,8.2,2020-10-30 22:22:38
350,Rawson,-43.3,293.52,25,0,7.3,2020-10-30 22:22:38
351,Vernon,50.26,283.91,53,98,2.1,2020-10-30 22:17:57
352,Mount Isa,-20.73,294.15,28,0,3.6,2020-10-30 22:22:38
353,Port Hardy,50.7,283.15,71,75,2.6,2020-10-30 22:22:38
354,Goderich,43.75,275.15,59,98,6.2,2020-10-30 22:22:38
355,Broome,42.25,273.71,59,1,4.1,2020-10-30 22:20:09
356,São João da Barra,-21.64,297.15,94,75,5.1,2020-10-30 22:20:31
357,Mogadishu,2.04,299.43,80,46,5.63,2020-10-30 22:20:24
358,Ulladulla,-35.35,288.79,100,90,5.7,2020-10-30 22:22:39
359,Mweka,-4.85,293.18,84,12,0.16,2020-10-30 22:22:39
360,Tymovskoye,50.85,273.05,94,100,1.12,2020-10-30 22:22:39
361,Darhan,49.49,271.4,95,75,1.25,2020-10-30 22:22:39
362,Yenagoa,4.92,297.88,92,19,1.7,2020-10-30 22:22:39
363,Port Hawkesbury,45.62,274.22,64,90,2.1,2020-10-30 22:22:39
364,Barrhead,55.8,278.0,93,30,2.6,2020-10-30 22:22:39
365,Klaksvík,62.23,281.15,93,18,7.7,2020-10-30 22:22:40
366,Solnechnyy,50.72,272.63,92,74,1.03,2020-10-30 22:20:07
367,Torbay,47.67,274.62,59,75,7.7,2020-10-30 22:20:16
368,Felanitx,39.47,287.06,100,0,0.5,2020-10-30 22:22:40
369,Lüderitz,-26.65,289.03,55,100,12.48,2020-10-30 22:20:47
370,Bindura,-17.3,294.26,50,25,2.24,2020-10-30 22:22:40
371,La Ronge,55.1,268.15,85,100,7.2,2020-10-30 22:22:40
372,Alofi,-19.06,298.15,83,75,7.2,2020-10-30 22:19:47
373,Airai,-8.93,289.6,87,6,0.9,2020-10-30 22:19:54
374,Sindor,62.86,274.6,92,100,4.26,2020-10-30 22:20:06
375,Mudgee,-32.59,289.19,82,75,2.1,2020-10-30 22:22:41
376,Çumra,37.57,286.15,66,40,2.6,2020-10-30 22:22:41
377,Garoowe,8.41,298.32,70,18,5.55,2020-10-30 22:22:41
378,Tommot,58.96,259.5,93,100,0.47,2020-10-30 22:22:41
379,Dubăsari,47.26,283.15,93,90,5.1,2020-10-30 22:22:41
380,Grafton,42.21,272.1,80,90,3.1,2020-10-30 22:22:41
381,Caxito,-8.58,298.15,88,40,2.6,2020-10-30 22:20:11
382,Dubti,11.74,300.43,54,0,3.87,2020-10-30 22:22:42
383,Kiryat Gat,31.61,294.99,100,53,0.89,2020-10-30 22:22:42
384,Vanavara,60.34,259.42,95,88,1.16,2020-10-30 22:22:42
385,Aksu,41.12,277.68,64,24,1.49,2020-10-30 22:22:42
386,Baruun-Urt,46.68,274.11,86,71,9.26,2020-10-30 22:20:00
387,Morgan City,29.7,291.63,55,1,3.1,2020-10-30 22:22:42
388,Monaghan,54.25,281.15,81,0,4.1,2020-10-30 22:22:42
389,Luanda,-8.84,298.15,88,40,2.6,2020-10-30 22:22:14
390,Semīrom,31.42,273.67,84,0,0.63,2020-10-30 22:22:42
391,Ratnagiri,16.98,298.38,65,20,1.97,2020-10-30 22:22:43
392,Byron Bay,-28.65,298.47,83,75,5.7,2020-10-30 22:20:00
393,Khāsh,28.22,277.99,59,0,0.68,2020-10-30 22:22:43
394,Brisbane,-27.47,299.19,69,20,7.7,2020-10-30 22:22:23
395,Oranjemund,-28.55,287.59,75,82,10.62,2020-10-30 22:22:43
396,Entre Rios,-11.94,295.48,88,98,2.55,2020-10-30 22:22:43
397,Sayán,-11.14,294.46,54,100,2.54,2020-10-30 22:22:43
398,Miraflores,19.22,295.09,35,75,3.6,2020-10-30 22:22:43
399,São Filipe,14.9,300.9,57,83,7.95,2020-10-30 22:15:26
400,Valparaíso,-33.04,287.25,82,20,2.6,2020-10-30 22:19:10
401,Fairbanks,64.84,261.79,85,90,0.91,2020-10-30 22:22:44
402,Bandarbeyla,9.49,298.52,86,3,4.76,2020-10-30 22:22:44
403,Måløy,61.94,281.99,76,75,7.7,2020-10-30 22:22:44
404,Udachny,66.42,255.15,91,90,1.0,2020-10-30 22:20:45
405,Veracruz,19.33,299.21,50,75,7.7,2020-10-30 22:17:58
406,Tezu,27.92,296.49,37,24,1.82,2020-10-30 22:22:44
407,Münster,51.96,286.39,100,75,4.6,2020-10-30 22:22:45
408,Great Falls,47.5,287.05,33,40,17.0,2020-10-30 22:22:45
409,Bojnourd,37.47,277.15,41,0,1.84,2020-10-30 22:22:45
410,Pak Phanang,8.35,298.92,84,92,2.13,2020-10-30 22:22:45
411,Mariehamn,60.1,272.15,100,20,1.0,2020-10-30 22:22:45
412,Kibara,-2.15,296.15,78,75,2.03,2020-10-30 22:22:45
413,Chara,56.91,260.19,79,6,0.45,2020-10-30 22:22:45
414,Colares,38.8,291.57,78,0,2.21,2020-10-30 22:22:46
415,Dingle,11.0,297.76,92,100,3.44,2020-10-30 22:20:30
416,Marawi,8.0,297.04,93,98,2.68,2020-10-30 22:22:46
417,Río Gallegos,-51.62,291.15,36,40,8.7,2020-10-30 22:21:29
418,Progreso,21.28,298.44,83,90,2.1,2020-10-30 22:22:46
419,Hambantota,6.12,297.15,100,90,0.5,2020-10-30 22:20:13
420,Russell,32.35,291.26,45,1,6.2,2020-10-30 22:22:46
421,Xining,36.62,273.66,88,90,0.34,2020-10-30 22:22:46
422,Nhulunbuy,-12.23,300.15,74,0,1.5,2020-10-30 22:22:46
423,Zamora,-4.07,299.47,46,100,1.3,2020-10-30 22:22:47
424,Vytegra,61.01,279.33,92,36,2.06,2020-10-30 22:22:47
425,Vrangel',42.73,279.68,76,44,1.52,2020-10-30 22:22:47
426,Kruisfontein,-34.0,282.04,91,0,0.93,2020-10-30 22:20:40
427,Auki,-8.77,299.7,80,99,1.62,2020-10-30 22:22:47
428,Goya,-29.14,291.69,62,68,2.94,2020-10-30 22:22:47
429,Adamantas,36.73,292.15,59,90,5.7,2020-10-30 22:22:47
430,Ponta Delgada,37.73,294.15,88,75,6.2,2020-10-30 22:22:48
431,Novoseleznëvo,55.68,271.52,97,77,3.19,2020-10-30 22:22:48
432,Yeppoon,-23.13,299.15,74,40,4.6,2020-10-30 22:22:48
433,Belmonte,-15.86,298.15,78,0,4.1,2020-10-30 22:22:48
434,Djibouti,11.5,302.15,74,1,1.5,2020-10-30 22:22:48
435,Policoro,40.21,289.23,77,92,2.51,2020-10-30 22:22:48
436,Husavik,66.04,274.15,84,0,2.1,2020-10-30 22:22:48
437,Gwadar,25.12,297.05,34,0,3.87,2020-10-30 22:22:48
438,Takoradze,4.88,299.23,83,47,2.16,2020-10-30 22:19:45
439,Mindelo,16.89,299.15,69,40,11.3,2020-10-30 22:22:49
440,Ambatolampy,-19.38,287.15,71,75,3.6,2020-10-30 22:22:49
441,Ruidoso,33.33,289.03,33,1,4.1,2020-10-30 22:17:49
442,Svetlaya,46.54,275.59,80,20,2.09,2020-10-30 22:22:49
443,Port Blair,11.67,300.13,83,98,5.44,2020-10-30 22:19:12
444,Hasaki,35.73,277.74,87,20,0.5,2020-10-30 22:20:20
445,Waingapu,-9.66,300.11,75,93,1.3,2020-10-30 22:22:49
446,Astoria,46.19,287.28,62,1,4.6,2020-10-30 22:22:50
447,Luau,-10.71,291.82,91,69,1.44,2020-10-30 22:22:50
448,Marzuq,14.4,292.67,54,0,1.35,2020-10-30 22:22:50
449,Nouakchott,18.09,298.15,73,0,8.7,2020-10-30 22:21:33
450,Basco,20.45,298.51,74,92,14.38,2020-10-30 22:22:50
451,Kargasok,59.06,270.99,99,100,0.9,2020-10-30 22:22:50
452,Half Moon Bay,37.46,293.35,52,5,3.6,2020-10-30 22:20:21
453,Birao,10.28,298.14,40,32,1.16,2020-10-30 22:22:50
454,Erdenet,49.03,268.92,75,71,3.98,2020-10-30 22:22:50
455,Aklavik,68.22,258.15,84,75,3.6,2020-10-30 22:20:44
456,Havre-St-Pierre,50.23,271.15,58,1,1.5,2020-10-30 22:22:51
457,Kaka,37.35,280.16,52,0,2.57,2020-10-30 22:18:05
458,Carutapera,-1.2,299.08,80,99,2.92,2020-10-30 22:22:51
459,Maracaçumé,-2.04,299.49,71,31,3.1,2020-10-30 22:22:51
460,Sijunjung,-0.69,295.12,90,99,0.48,2020-10-30 22:22:51
461,Camocim,-2.9,300.08,70,3,7.44,2020-10-30 22:21:56
462,Wurzen,51.37,286.85,83,100,0.45,2020-10-30 22:22:52
463,Kharitonovo,61.4,275.6,87,100,3.77,2020-10-30 22:22:52
464,Monte Patria,-30.69,298.51,27,0,2.94,2020-10-30 22:22:52
465,Bar Harbor,44.39,273.86,50,1,3.6,2020-10-30 22:22:52
466,Huangzhou,30.45,289.15,93,100,3.0,2020-10-30 22:22:52
467,Zhirnovsk,50.98,281.67,66,100,3.88,2020-10-30 22:22:52
468,Zhalantun,48.0,273.82,87,100,1.5,2020-10-30 22:22:52
469,Teya,60.38,258.26,91,0,0.38,2020-10-30 22:22:52
470,Richards Bay,-28.78,293.29,83,98,7.54,2020-10-30 22:22:52
471,Morón,-34.65,289.72,98,98,1.34,2020-10-30 22:22:53
472,Saint Andrews,34.05,292.8,40,1,3.6,2020-10-30 22:22:53
473,Natal,-5.79,299.67,74,20,4.1,2020-10-30 22:22:53
474,Batemans Bay,-35.72,287.77,96,100,3.5,2020-10-30 22:20:11
475,Cockburn Town,21.46,303.15,70,40,4.1,2020-10-30 22:21:29
476,Rumford,44.55,272.57,58,100,1.65,2020-10-30 22:19:44
477,Dwārka,22.24,300.39,42,0,3.77,2020-10-30 22:22:53
478,Shouguang,36.88,285.11,67,54,4.31,2020-10-30 22:22:54
479,Belaya Gora,68.53,257.41,94,96,1.49,2020-10-30 22:22:54
480,Noyabrsk,63.2,273.29,98,100,4.84,2020-10-30 22:20:31
481,Avera,33.19,293.26,52,1,2.6,2020-10-30 22:20:09
482,San Rafael,-34.62,296.27,21,6,5.06,2020-10-30 22:22:54
483,Mandera,3.94,301.07,62,100,2.92,2020-10-30 22:22:54
484,Antalaha,-14.9,293.75,86,34,4.41,2020-10-30 22:22:54
485,Batagay,67.63,253.29,91,99,1.14,2020-10-30 22:22:54
486,Adré,13.47,300.78,23,83,4.18,2020-10-30 22:22:54
487,Tubmanburg,6.87,296.76,96,63,1.0,2020-10-30 22:22:55
488,Osypenko,46.91,285.93,100,94,1.34,2020-10-30 22:22:55
489,Tooele,40.53,289.55,41,1,1.5,2020-10-30 22:22:55
490,Canandaigua,42.87,274.65,99,89,1.34,2020-10-30 22:19:30
491,Meadow Lake,34.8,290.6,31,20,3.6,2020-10-30 22:22:55
492,Porto Walter,-8.27,296.41,98,100,2.44,2020-10-30 22:22:55
493,Ouro Preto do Oeste,-10.75,299.33,73,97,5.22,2020-10-30 22:22:55
494,Santiago,-33.46,299.62,23,0,3.1,2020-10-30 22:12:11
495,Mwingi,-0.93,291.82,80,78,2.76,2020-10-30 22:22:56
496,Shetpe,44.17,281.88,45,0,6.01,2020-10-30 22:22:56
497,Pedernales,18.04,302.15,79,75,3.1,2020-10-30 22:22:56
498,Ust'-Kut,56.79,267.16,92,100,1.07,2020-10-30 22:22:56
499,Salinópolis,-0.61,300.08,77,43,5.06,2020-10-30 22:17:04
500,Kindu,-2.95,293.61,97,94,0.22,2020-10-30 22:20:11
501,Mocuba,-16.84,294.71,79,0,0.23,2020-10-30 22:22:56
502,Władysławowo,54.79,277.8,100,20,0.5,2020-10-30 22:22:56
503,Yerbogachën,61.28,261.44,94,100,2.98,2020-10-30 22:22:57
504,Rabaul,-4.2,301.04,74,79,1.25,2020-10-30 22:22:57
505,Lamu,-2.27,298.49,81,0,4.28,2020-10-30 22:22:57
506,Jacareacanga,-6.22,298.98,80,100,1.03,2020-10-30 22:22:57
507,Tegul'det,57.31,267.32,98,100,0.38,2020-10-30 22:22:58
508,Portland,45.52,288.04,59,1,3.1,2020-10-30 22:20:27
509,Otane,-39.88,292.59,64,100,4.02,2020-10-30 22:22:58
510,Muroto-misakicho,33.28,283.15,66,20,4.6,2020-10-30 22:22:58
511,Marystown,47.17,277.04,100,79,6.56,2020-10-30 22:22:58
512,Aného,6.23,300.15,83,20,3.6,2020-10-30 22:22:58
513,Drumheller,51.46,282.58,53,99,3.6,2020-10-30 22:21:05
514,Pankrushikha,53.83,273.81,96,100,3.73,2020-10-30 22:22:58
515,São Desidério,-12.36,296.09,82,96,0.37,2020-10-30 22:22:58
516,Zhezkazgan,47.8,275.78,72,0,3.15,2020-10-30 22:22:59
517,Rassvet,46.83,287.43,97,80,1.6,2020-10-30 22:22:59
518,Evensk,61.95,268.0,93,43,1.45,2020-10-30 22:22:59
519,Nantucket,41.28,278.41,86,90,10.3,2020-10-30 22:18:33
520,Neryungri,56.67,259.36,93,86,0.21,2020-10-30 22:22:59
521,Vila Franca do Campo,37.72,294.15,88,75,6.2,2020-10-30 22:22:56
522,Sitka,57.05,280.15,70,90,4.6,2020-10-30 22:20:23
523,Soyo,-6.13,298.66,83,60,3.92,2020-10-30 22:20:03
524,Guînes,50.87,287.26,87,90,2.1,2020-10-30 22:23:00
525,Bardsīr,29.92,278.15,25,0,3.1,2020-10-30 22:23:00
526,Kurchum,48.57,272.96,95,12,1.66,2020-10-30 22:23:00
527,Kontagora,10.4,298.09,39,16,0.93,2020-10-30 22:23:00
528,Mahon,39.89,290.15,88,0,2.6,2020-10-30 22:23:00
529,Adrar,20.5,302.69,15,100,3.96,2020-10-30 22:20:24
530,Karratha,-20.74,296.13,67,0,0.83,2020-10-30 22:20:41
531,Iquitos,-3.75,296.15,88,90,4.1,2020-10-30 22:23:01
532,Tabriz,38.08,287.15,31,40,2.1,2020-10-30 22:13:35
533,Tongliao,43.61,283.79,44,100,9.49,2020-10-30 22:23:01
534,Nizhniy Odes,63.64,274.08,93,100,4.84,2020-10-30 22:23:01
535,Balkhash,46.84,276.34,73,0,1.85,2020-10-30 22:23:01
536,Riacho de Santana,-13.61,301.15,65,0,2.6,2020-10-30 22:23:01
537,Ixtapa,20.7,302.37,74,20,4.1,2020-10-30 22:23:01
538,Elwood,-37.88,288.89,85,90,1.79,2020-10-30 22:23:02
539,Daşoguz,41.84,275.15,55,0,5.1,2020-10-30 22:23:02
540,Lewistown,40.6,279.98,81,90,2.1,2020-10-30 22:23:02
541,Lake Charles,30.21,292.92,42,5,3.1,2020-10-30 22:23:02
542,Nuevo Ideal,24.89,294.63,28,56,3.56,2020-10-30 22:23:02
543,Kamari,36.8,292.09,77,40,5.1,2020-10-30 22:23:02
544,Oussouye,12.48,298.64,94,0,1.0,2020-10-30 22:23:03
545,Warrnambool,-38.38,286.48,82,36,5.94,2020-10-30 22:23:03
546,Cleburne,32.35,293.2,28,1,3.1,2020-10-30 22:21:48
547,Pokhara,28.23,292.83,22,0,3.53,2020-10-30 22:15:02
548,Tiznit Province,29.58,295.41,23,0,2.02,2020-10-30 22:23:03
549,Veydelevka,50.15,284.45,97,100,1.12,2020-10-30 22:23:03
550,Constitución,-35.33,290.89,61,0,4.37,2020-10-30 22:23:03
551,Bambous Virieux,-20.34,292.36,56,40,7.2,2020-10-30 22:19:59
552,Chimbote,-9.09,291.15,79,100,3.69,2020-10-30 22:23:04
553,Coos Bay,43.37,288.13,93,90,3.6,2020-10-30 22:23:04
554,Vila Velha,-20.33,299.15,83,75,7.7,2020-10-30 22:20:06
555,Grimshaw,56.18,271.15,92,90,8.2,2020-10-30 22:23:04
556,Pochutla,15.74,302.09,74,90,3.6,2020-10-30 22:15:03
557,Dickinson,29.46,292.11,43,0,0.89,2020-10-30 22:23:04
558,San Fernando,15.03,298.15,83,75,1.0,2020-10-30 22:23:04
559,Merrill,45.18,277.12,44,1,2.1,2020-10-30 22:23:04
560,Sistranda,63.73,282.15,93,75,5.7,2020-10-30 22:20:31
561,Alunu,45.02,280.04,66,81,1.01,2020-10-30 22:23:05
562,Hue,16.47,299.15,94,75,2.1,2020-10-30 22:23:05
563,Brainerd,46.36,277.48,56,1,4.1,2020-10-30 22:23:05
564,Mossamedes,-15.2,295.8,78,36,0.34,2020-10-30 22:19:56
565,Road Town,18.42,301.73,70,40,6.2,2020-10-30 22:23:05
